Actual,Linear_Pred,Ridge_Pred,Lasso_Pred,Poly_Pred,Linear_Error,Ridge_Error,Lasso_Error,Poly_Error
9.1,8.96979046258279,8.971619943029335,8.628626631653798,11.21635313940947,0.13020953741721009,0.12838005697066457,0.47137336834620136,-2.116353139409471
5.27,7.069079299251424,7.071308171377737,7.171214944691847,6.055392257513281,-1.7990792992514244,-1.8013081713777375,-1.9012149446918478,-0.7853922575132817
29.33,36.85858191544654,36.8466593068479,36.36605021823178,33.3060915765687,-7.528581915446544,-7.516659306847899,-7.036050218231779,-3.976091576568699
9.3,9.455076956070748,9.458160636615268,9.432913895197,10.834945903602474,-0.15507695607074723,-0.1581606366152677,-0.13291389519699948,-1.5349459036024733
33.75,26.9732556106137,26.962898062993293,26.475965036469663,29.082558878183107,6.776744389386302,6.787101937006707,7.274034963530337,4.667441121816893
4.54,10.863749711672309,10.866786332257483,11.205617986006597,4.2581941898087745,-6.323749711672309,-6.326786332257483,-6.665617986006597,0.2818058101912255
2.12,0.1708083056877605,0.17353058854188674,0.37938054908460295,2.803930042386371,1.9491916943122396,1.9464694114581134,1.7406194509153972,-0.683930042386371
14.21,16.90336783613986,16.905680397313404,16.903832076932794,16.036260729641555,-2.69336783613986,-2.695680397313403,-2.693832076932793,-1.8262607296415538
3.73,1.092740055985244,1.0949663487245402,0.9873237911755304,4.107731696450781,2.637259944014756,2.6350336512754597,2.7426762088244696,-0.37773169645078086
10.26,11.218678737488794,11.22164018412585,11.157865858406748,12.148605099442385,-0.9586787374887944,-0.9616401841258497,-0.8978658584067478,-1.888605099442385
18.26,28.101683463211167,28.091629078634792,27.93975910864251,20.028605946924472,-9.841683463211165,-9.83162907863479,-9.679759108642507,-1.7686059469244704
7.26,9.378000410722073,9.381023777650643,9.363013273103423,9.33781135376455,-2.1180004107220736,-2.1210237776506435,-2.1030132731034232,-2.0778113537645506
3.95,5.263221635278249,5.266602283700788,5.601702474037687,5.818949869821365,-1.313221635278249,-1.3166022837007878,-1.6517024740376867,-1.868949869821365
46.15,38.41576942359035,38.40577171532266,37.868173422573236,49.4967285286775,7.734230576409651,7.744228284677341,8.281826577426763,-3.3467285286775024
48.67,40.25532280894327,40.24492662234782,39.90035058811529,53.113612754728166,8.414677191056732,8.425073377652183,8.769649411884714,-4.443612754728164
44.2,37.09797002522236,37.08797443542666,36.65365472124982,45.43026101177686,7.102029974777643,7.112025564573344,7.546345278750181,-1.2302610117768538
9.8,15.240317960456348,15.243078106532042,15.339022200842745,10.241072443555487,-5.440317960456348,-5.443078106532042,-5.539022200842744,-0.4410724435554858
42.97,35.91274345282474,35.90194631357137,35.54031062592803,41.67446671979763,7.057256547175257,7.068053686428627,7.42968937407197,1.2955332802023705
8.23,9.1126489079927,9.115732392390953,9.455576350656017,10.0810735850298,-0.8826489079926993,-0.8857323923909526,-1.2255763506560164,-1.8510735850298001
21.77,31.462171358765836,31.450657109930365,30.987467857627156,25.74673554682549,-9.692171358765837,-9.680657109930365,-9.217467857627156,-3.9767355468254912
5.08,3.8479584007520753,3.8517919564401257,4.181084428910566,3.4572219575712158,1.2320415992479248,1.2282080435598743,0.8989155710894341,1.6227780424287843
7.44,10.12996964852287,10.133107155441845,10.528139327539492,8.194963309758887,-2.6899696485228697,-2.6931071554418446,-3.0881393275394915,-0.7549633097588861
1.26,2.3703873154063047,2.373934408766887,2.9405545338527137,1.9590627162068763,-1.1103873154063046,-1.1139344087668872,-1.6805545338527137,-0.6990627162068763
2.76,7.1401529542571645,7.142007419884493,6.763817713498987,5.462149803535379,-4.380152954257165,-4.382007419884493,-4.003817713498988,-2.702149803535379
11.09,11.302280112145208,11.304435232945206,11.228843720626713,12.889469302856698,-0.21228011214520848,-0.21443523294520617,-0.13884372062671346,-1.7994693028566981
10.92,12.961595107478367,12.962981899637914,12.645438897524297,12.399280393941801,-2.0415951074783667,-2.0429818996379137,-1.7254388975242971,-1.479280393941801
12.64,14.509251392389519,14.511099990153397,14.968231381059162,14.240605751318986,-1.8692513923895184,-1.8710999901533967,-2.3282313810591617,-1.6006057513189855
18.8,6.160456780102713,6.163009683582789,6.078595850247424,8.095003702900097,12.639543219897288,12.636990316417211,12.721404149752576,10.704996297099903
9.72,9.964066254610835,9.965825925845667,9.603735339090587,11.95133548803326,-0.24406625461083387,-0.24582592584566676,0.11626466090941356,-2.2313354880332597
1.13,2.1778139978999995,2.182143441532169,2.5999794100782108,3.186679837215438,-1.0478139978999996,-1.052143441532169,-1.4699794100782109,-2.0566798372154382
15.83,9.116159342215582,9.118732381299491,9.413916065534998,8.780703760684554,6.713840657784418,6.711267618700509,6.416083934465002,7.049296239315446
11.84,13.073910299949034,13.075691649758287,13.13609014518315,12.491219393815394,-1.2339102999490343,-1.2356916497582873,-1.2960901451831504,-0.6512193938153938
2.02,4.561856937750928,4.565226171599534,4.904727893619103,3.1337912435898723,-2.541856937750928,-2.5452261715995337,-2.8847278936191034,-1.1137912435898722
5.69,3.4089384243427343,3.411659721288901,3.45263779114026,7.080570970132598,2.281061575657266,2.2783402787110996,2.2373622088597402,-1.3905709701325977
2.9,4.459706268257275,4.463178341970721,4.966508116268269,3.6497326350365897,-1.5597062682572749,-1.5631783419707213,-2.066508116268269,-0.7497326350365898
7.45,13.031745158298182,13.033951620012644,12.654646013208819,8.702775741935628,-5.581745158298182,-5.583951620012644,-5.204646013208818,-1.2527757419356282
2.6,1.9801386894340087,1.982986852546885,2.516555748509676,3.8971808389653333,0.6198613105659914,0.6170131474531151,0.0834442514903242,-1.2971808389653332
7.34,8.813283811213008,8.815628230389567,9.288117000884835,8.673966986830166,-1.4732838112130082,-1.4756282303895674,-1.9481170008848352,-1.3339669868301662
23.89,33.271622459110844,33.26004539496428,32.76072575148413,24.87538115187153,-9.381622459110844,-9.37004539496428,-8.87072575148413,-0.985381151871529
38.71,32.58527268899021,32.575519726015486,32.25847111262894,36.937777584112595,6.124727311009792,6.134480273984515,6.451528887371062,1.7722224158874056
4.69,3.909141708021318,3.912190716154056,4.170981707144755,5.239336303552749,0.7808582919786824,0.7778092838459445,0.5190182928552458,-0.5493363035527485
2.64,4.326365296390126,4.329689220587856,4.380517808056208,4.8097853265010775,-1.6863652963901257,-1.6896892205878555,-1.7405178080562078,-2.1697853265010774
11.67,14.142661643325038,14.144625257798545,14.534129873950306,13.046143461625203,-2.472661643325038,-2.474625257798545,-2.864129873950306,-1.3761434616252028
12.12,11.423609328933967,11.42628913412564,11.580882385740601,13.140440667994001,0.6963906710660321,0.69371086587436,0.5391176142593981,-1.0204406679940021
4.89,8.77407482996847,8.778095712719487,8.99007996200962,6.759155484630636,-3.88407482996847,-3.8880957127194877,-4.10007996200962,-1.8691554846306362
12.33,12.097092404592836,12.099977011871392,12.606526167062729,14.046146053490615,0.23290759540716444,0.23002298812860822,-0.2765261670627286,-1.7161460534906148
3.58,5.282032116731575,5.284579192478496,5.227994454492116,6.466306980513695,-1.7020321167315746,-1.704579192478496,-1.6479944544921157,-2.8863069805136945
4.39,3.1508597327233865,3.153780519289562,3.5849724467052546,5.328114546776758,1.2391402672766132,1.2362194807104379,0.8050275532947451,-0.9381145467767587
42.12,35.494314885829894,35.48451393965394,35.027478575701025,39.9606182632932,6.625685114170103,6.635486060346061,7.0925214242989725,2.1593817367067984
4.46,9.15000906837183,9.15401156322568,9.335348204234514,6.01220503731488,-4.69000906837183,-4.69401156322568,-4.8753482042345135,-1.55220503731488
13.89,15.83669535579056,15.839216843823586,16.126379463048828,15.370760823656623,-1.9466953557905597,-1.949216843823585,-2.236379463048827,-1.480760823656622
1.72,2.343611667709892,2.348010239397114,2.7128902938482327,4.006373638962191,-0.623611667709892,-0.6280102393971141,-0.9928902938482327,-2.286373638962191
28.48,12.36496790948166,12.366924077941988,12.261628156212907,8.033707670328207,16.11503209051834,16.113075922058012,16.218371843787093,20.446292329671792
1.71,1.4823164909189774,1.4853447975493612,1.2958432593053537,3.23863838557126,0.22768350908102253,0.22465520245063875,0.41415674069464625,-1.5286383855712602
10.59,13.388799300214004,13.39229672826417,13.726112797738466,13.238942377264207,-2.7987993002140037,-2.802296728264171,-3.136112797738466,-2.6489423772642073
25.33,12.573503293924809,12.575884326458244,12.161840285297192,11.931052297161836,12.75649670607519,12.754115673541754,13.168159714702806,13.398947702838162
3.65,4.341824765737822,4.344634152241426,4.153316268715162,4.517038226542542,-0.6918247657378225,-0.6946341522414259,-0.5033162687151624,-0.8670382265425425
38.75,32.16553047806,32.15504325591516,31.440793696182862,36.22755189576859,6.584469521940001,6.59495674408484,7.309206303817138,2.522448104231408
11.85,13.321157453375484,13.323088335956882,13.806353486400855,13.49238430703302,-1.4711574533754845,-1.4730883359568825,-1.9563534864008556,-1.642384307033021
10.56,12.896755948002667,12.898149818742944,12.574461035304331,12.088586668635225,-2.3367559480026667,-2.3381498187429433,-2.014461035304331,-1.5285866686352243
13.88,14.167819560020575,14.169681419804405,14.664707563054346,15.805322114197343,-0.2878195600205746,-0.2896814198044044,-0.7847075630543454,-1.9253221141973427
4.75,10.506164283140716,10.509284351023041,10.615604809565003,5.103496009584539,-5.756164283140716,-5.759284351023041,-5.865604809565003,-0.3534960095845392
27.94,16.360572494471832,16.36333646185815,16.638227888362213,15.030257165453348,11.57942750552817,11.576663538141851,11.301772111637788,12.909742834546654
8.02,7.764428967857672,7.766755251862648,7.7985426872184505,9.390391385707618,0.2555710321423277,0.25324474813735165,0.22145731278154912,-1.3703913857076184
23.05,11.83923080092045,11.840695647039897,11.54690011853242,11.630880325975257,11.21076919907955,11.209304352960103,11.50309988146758,11.419119674024744
4.13,4.06169776714321,4.064223257528212,4.158377105711789,5.614257269339233,0.06830223285678994,0.06577674247178766,-0.02837710571178942,-1.484257269339233
17.94,26.652479080736036,26.642623923360883,26.419932340436578,20.105798780596103,-8.712479080736035,-8.702623923360882,-8.479932340436577,-2.165798780596102
25.99,10.930235365848812,10.934142066033083,11.18240617795625,12.88548232315903,15.059764634151186,15.055857933966916,14.80759382204375,13.104517676840969
3.59,2.137985342562823,2.1406433727905245,2.2791375530581774,4.766183939205048,1.4520146574371768,1.4493566272094753,1.3108624469418224,-1.176183939205048
1.68,6.208685957170058,6.211977273399263,6.6647488402771415,1.658810529080851,-4.528685957170058,-4.531977273399264,-4.984748840277142,0.02118947091914891
6.08,10.729645358315036,10.732100135966526,10.329936394224173,8.057313864463403,-4.649645358315036,-4.652100135966526,-4.249936394224173,-1.9773138644634027
9.41,11.62842204128842,11.630077487003469,11.199063442864329,12.287688817797987,-2.21842204128842,-2.2200774870034685,-1.7890634428643288,-2.8776888177979867
8.28,10.981003523170479,10.983881135964719,11.31983146576345,9.648111806346531,-2.7010035231704794,-2.7038811359647195,-3.0398314657634504,-1.3681118063465316
6.34,9.16648053720504,9.170458731504624,9.419195295107187,8.503349488777067,-2.8264805372050397,-2.830458731504624,-3.079195295107187,-2.163349488777067
7.15,11.954063963018413,11.957768402054423,12.194738349094099,8.986385327635078,-4.804063963018413,-4.807768402054423,-5.044738349094098,-1.8363853276350781
4.89,6.747914467537868,6.751099414534821,7.138733346914194,6.360724992873726,-1.857914467537868,-1.861099414534821,-2.248733346914194,-1.470724992873726
4.85,7.248604967117419,7.251475366476441,6.78831876168919,7.7549943113927196,-2.3986049671174197,-2.4014753664764417,-1.9383187616891906,-2.90499431139272
11.45,10.735500007568085,10.737434780238367,10.874228512860341,11.635319187407994,0.7144999924319144,0.7125652197616326,0.575771487139658,-0.1853191874079947
4.35,6.581021033646238,6.58439956359679,6.816221175361093,6.25478376773939,-2.231021033646238,-2.2343995635967904,-2.4662211753610936,-1.9047837677393904
9.1,8.7622034116647,8.764704908782651,9.162174206644451,9.891094740932452,0.3377965883352996,0.3352950912173487,-0.0621742066444515,-0.7910947409324525
1.39,3.767027232415481,3.7712485721502826,4.148388318290612,3.234646221070843,-2.3770272324154815,-2.381248572150283,-2.7583883182906126,-1.8446462210708432
28.1,36.63223302410852,36.620718332471,35.79208924334904,32.82176996941461,-8.532233024108521,-8.520718332470999,-7.692089243349038,-4.721769969414609
5.15,6.378230512665748,6.3808434258376,6.801301924686534,6.368391409691387,-1.228230512665748,-1.2308434258376,-1.6513019246865337,-1.218391409691387
38.51,30.842104324652517,30.83043718671937,29.76937118243463,40.75485255844269,7.667895675347481,7.679562813280629,8.74062881756537,-2.2448525584426946
44.5,34.846029815753575,34.83617200387499,34.318051232649,55.75849941015208,9.653970184246425,9.663827996125008,10.181948767351003,-11.258499410152083
41.1,35.27776479501569,35.26637214771375,34.38491957471153,36.483230457526034,5.82223520498431,5.833627852286249,6.71508042528847,4.616769542473968
4.84,7.019530825580336,7.0237531592620535,7.226999452903794,6.789807497238536,-2.1795308255803363,-2.1837531592620536,-2.386999452903794,-1.9498074972385364
10.6,12.861425508551982,12.864024385153108,12.93241938496567,12.181662557335999,-2.261425508551982,-2.2640243851531086,-2.33241938496567,-1.5816625573359993
8.31,9.942728617076277,9.944911784155458,9.906116730097395,10.205154611868439,-1.6327286170762765,-1.6349117841554577,-1.5961167300973944,-1.8951546118684384
11.26,14.473334563426004,14.476243248083513,14.751652120829679,11.625983013291377,-3.213334563426004,-3.2162432480835133,-3.491652120829679,-0.36598301329137684
15.23,17.693322788197147,17.694541370254225,17.17933954692107,17.67041111499327,-2.4633227881971465,-2.4645413702542243,-1.9493395469210704,-2.440411114993271
27.04,35.25821731362544,35.24733311889577,35.10089198479211,28.43334817271183,-8.218217313625438,-8.207333118895768,-8.060891984792114,-1.393348172711832
23.4,33.02962894768878,33.01767148305396,32.128118779385346,28.097243398053607,-9.62962894768878,-9.617671483053961,-8.728118779385348,-4.697243398053608
5.03,6.185996554059109,6.188843930740887,5.845200523025465,6.991368598882641,-1.1559965540591088,-1.158843930740887,-0.8152005230254646,-1.9613685988826406
38.28,31.999748166208754,31.990041607154897,31.668750991748244,36.94343815804499,6.280251833791247,6.289958392845104,6.611249008251757,1.3365618419550103
6.88,9.481195770687247,9.484380847694538,9.88596699732367,7.586567790408333,-2.601195770687247,-2.6043808476945385,-3.0059669973236707,-0.7065677904083332
19.72,29.443924474165264,29.43438533234764,29.197383053759555,27.042785608967876,-9.723924474165266,-9.714385332347643,-9.477383053759556,-7.322785608967877
1.88,3.6745546849781494,3.6779839373695236,4.041199045624351,3.221107122242131,-1.7945546849781495,-1.7979839373695237,-2.1611990456243513,-1.3411071222421311
18.77,28.30882022650129,28.29778611693939,27.69777120519898,19.799918907987205,-9.53882022650129,-9.527786116939389,-8.92777120519898,-1.0299189079872058
6.4,5.823672834493259,5.825733873336723,5.511961614129881,8.83435682368433,0.5763271655067417,0.5742661266632769,0.8880383858701197,-2.434356823684329
4.53,5.408216974128408,5.410649982244184,5.472918509925073,6.149024157226128,-0.8782169741284074,-0.8806499822441838,-0.9429185099250725,-1.6190241572261277
1.74,1.8835369732322569,1.8863173643951416,2.453330567187887,2.872183433967586,-0.1435369732322569,-0.14631736439514165,-0.7133305671878871,-1.132183433967586
5.71,11.499367804075195,11.503030425875952,11.777945404886744,7.009954786297799,-5.789367804075195,-5.793030425875952,-6.067945404886744,-1.299954786297799
12.36,15.075712838119284,15.07857403402064,15.357613040599208,12.861485726485153,-2.715712838119284,-2.718574034020641,-2.9976130405992087,-0.5014857264851535
13.13,11.699534191106736,11.701779923370967,11.506835484959126,13.021534328933134,1.4304658088932651,1.4282200766290334,1.623164515040875,0.10846567106686678
1.73,4.308759140628737,4.31303122052142,4.606567444285528,3.625194465903176,-2.5787591406287373,-2.5830312205214203,-2.8765674442855276,-1.895194465903176
7.73,9.895166380467348,9.899083145816384,10.163863779538882,10.018894512154276,-2.1651663804673476,-2.1690831458163835,-2.433863779538882,-2.2888945121542754
21.2,31.70827702455481,31.698451325929586,31.604673926160505,21.212401228860656,-10.508277024554811,-10.498451325929587,-10.404673926160505,-0.012401228860657199
1.7,-0.08676781207196704,-0.08363850727630684,-0.21617511724449479,2.4535419224644848,1.786767812071967,1.7836385072763068,1.9161751172444947,-0.7535419224644848
23.24,32.81979326469581,32.80917778092849,32.61082874881605,23.894797935603627,-9.579793264695812,-9.569177780928495,-9.370828748816049,-0.6547979356036286
23.08,3.280489918644877,3.2839784308999267,3.8175576738494055,1.8527816137349191,19.799510081355123,19.79602156910007,19.26244232615059,21.22721838626508
2.93,10.183594774012455,10.187465464604895,10.33571622891467,2.7464074895152795,-7.253594774012456,-7.257465464604895,-7.40571622891467,0.1835925104847207
13.02,14.318761895915006,14.320129510415285,13.940377408726352,14.983594733152225,-1.298761895915007,-1.3001295104152852,-0.9203774087263525,-1.9635947331522257
37.7,31.642343687752707,31.630513284847172,30.68082876641665,34.28093575781116,6.057656312247296,6.069486715152831,7.019171233583354,3.4190642421888455
9.78,11.461638327728455,11.463215993735599,11.110692878643807,11.924656363143088,-1.6816383277284555,-1.6832159937355993,-1.3306928786438075,-2.1446563631430884
1.98,3.92909979534374,3.932623453157982,4.404218232282318,2.5919492495469605,-1.9490997953437401,-1.9526234531579818,-2.424218232282318,-0.6119492495469605
30.26,13.107712948724576,13.109870944965397,12.855303445622692,13.41110246505964,17.152287051275426,17.150129055034604,17.40469655437731,16.848897534940363
22.48,31.811007923600478,31.79979917361381,31.65341527505443,28.11223031058625,-9.331007923600477,-9.31979917361381,-9.173415275054431,-5.632230310586248
6.31,8.15220333096051,8.155454582336645,8.406732750226091,8.219677989057766,-1.842203330960511,-1.8454545823366457,-2.0967327502260913,-1.9096779890577666
2.79,3.238407825096971,3.2417988734476424,3.340625026280369,4.635702346756007,-0.44840782509697075,-0.45179887344764236,-0.5506250262803691,-1.8457023467560072
5.59,8.439634703114976,8.441450463804038,8.07114380046287,8.584871505910229,-2.849634703114976,-2.8514504638040385,-2.4811438004628705,-2.994871505910229
7.26,10.59484129875587,10.597786340576672,10.535598952876775,9.520682232179103,-3.3348412987558707,-3.337786340576672,-3.2755989528767753,-2.2606822321791036
11.4,15.219669861389448,15.221076716915476,14.710682405061377,14.150889916198901,-3.819669861389448,-3.821076716915476,-3.3106824050613763,-2.7508899161989007
1.99,5.647714804235889,5.6518034684931,5.994664620275692,3.5872456233884247,-3.657714804235889,-3.6618034684930993,-4.004664620275692,-1.5972456233884247
4.72,3.782556386480911,3.785179644572562,3.8425308988167597,6.520527509468762,0.9374436135190889,0.9348203554274379,0.8774691011832401,-1.800527509468762
7.75,10.229337970346965,10.231508499156,10.165308738211504,9.79616925583919,-2.4793379703469647,-2.481508499156,-2.415308738211504,-2.0461692558391906
7.35,10.900132654396266,10.903109797906883,11.152560713322242,8.698830953942908,-3.5501326543962666,-3.553109797906883,-3.802560713322242,-1.3488309539429082
9.29,11.122654826223055,11.125052351356988,10.802117699756081,10.582347959909905,-1.832654826223056,-1.835052351356989,-1.5121176997560823,-1.2923479599099057
12.24,14.438025088648363,14.44064822586975,14.744590009284217,13.711140024910028,-2.1980250886483628,-2.2006482258697506,-2.5045900092842164,-1.471140024910028
1.84,7.430046854296251,7.4340236991866675,7.70367831627123,2.4305238125636066,-5.590046854296251,-5.594023699186668,-5.86367831627123,-0.5905238125636065
3.97,5.386322454601682,5.389606664149365,5.792673650705002,5.488123378397912,-1.4163224546016822,-1.4196066641493652,-1.8226736507050014,-1.5181233783979118
5.93,9.231346837083287,9.235412276309138,9.400858239552317,7.726735263712699,-3.301346837083287,-3.305412276309138,-3.4708582395523173,-1.7967352637126996
5.84,9.34385916189622,9.347039519347263,9.538055658670242,7.357628670322891,-3.5038591618962194,-3.5070395193472628,-3.698055658670242,-1.5176286703228907
7.94,12.538153315359402,12.539593508810285,12.16092572698846,9.684534695238064,-4.598153315359402,-4.599593508810284,-4.220925726988459,-1.7445346952380634
5.65,8.337568247764839,8.33987510771512,8.842572271568464,6.734120155036221,-2.6875682477648386,-2.6898751077151193,-3.192572271568464,-1.0841201550362207
12.35,15.333012771663316,15.335689090566646,15.724759553717629,13.898782529331774,-2.983012771663317,-2.9856890905666464,-3.374759553717629,-1.548782529331774
12.4,8.411019808693581,8.413558555822373,8.100009519916526,5.872708146921854,3.9889801913064193,3.9864414441776272,4.2999904800834745,6.527291853078147
22.14,31.796930504825717,31.78636400548616,31.74314665884852,32.297215003592044,-9.656930504825716,-9.64636400548616,-9.60314665884852,-10.157215003592043
42.98,35.78595362635981,35.77415816106644,35.162495599053855,43.957579368484666,7.194046373640184,7.205841838933559,7.817504400946142,-0.977579368484669
37.27,31.60364848872262,31.59173206136099,30.715888273751222,32.21923145873291,5.666351511277384,5.678267938639014,6.554111726248781,5.050768541267097
5.27,6.012349054379971,6.014645945678819,6.152916854362356,5.83929059379893,-0.7423490543799716,-0.744645945678819,-0.8829168543623567,-0.5692905937989305
9.87,12.606966985888924,12.60838531972589,12.278217721420535,11.46349753783945,-2.736966985888925,-2.738385319725891,-2.4082177214205363,-1.5934975378394505
2.32,6.013345649952846,6.017404969354569,6.363991529159215,3.9952895445494754,-3.6933456499528465,-3.697404969354569,-4.043991529159214,-1.6752895445494755
33.47,14.561069260048583,14.562929010333342,14.43296474406242,12.978695689651225,18.908930739951415,18.907070989666657,19.037035255937578,20.491304310348774
2.14,2.493487348552934,2.497776137769357,2.96364989472959,4.2557423543814865,-0.35348734855293396,-0.3577761377693567,-0.82364989472959,-2.1157423543814864
23.31,32.96329475398266,32.9527924434106,32.832855516815826,27.698297396383516,-9.65329475398266,-9.642792443410602,-9.522855516815827,-4.388297396383518
5.26,6.26549471568654,6.26874166741171,6.295731426353122,7.200356334151234,-1.00549471568654,-1.0087416674117105,-1.0357314263531219,-1.9403563341512342
3.76,5.034615156125678,5.037157859511314,5.591769397374414,4.882076866122962,-1.2746151561256784,-1.2771578595113144,-1.8317693973744138,-1.1220768661229625
11.44,14.34517723444046,14.347133586264402,14.169570746502515,13.609630177162998,-2.90517723444046,-2.9071335862644023,-2.7295707465025156,-2.1696301771629987
4.75,6.940991168810118,6.944277382843616,7.434022831129955,5.6510874553562225,-2.1909911688101182,-2.194277382843616,-2.6840228311299548,-0.9010874553562225
46.66,38.67025052563611,38.658482659905545,37.87779449144817,45.865860044453434,7.989749474363883,8.001517340094452,8.782205508551826,0.7941399555465622
2.69,3.0880016200854303,3.090524510091779,3.224465982732582,3.7775181341274715,-0.3980016200854304,-0.4005245100917789,-0.534465982732582,-1.0875181341274716
1.15,5.88563941850159,5.889730198370479,6.17295516562028,1.8561419782539321,-4.73563941850159,-4.739730198370479,-5.02295516562028,-0.7061419782539322
37.61,31.686035925415403,31.67500655980537,30.724018149309348,35.30100911557386,5.923964074584596,5.934993440194628,6.885981850690651,2.3089908844261373
6.37,11.562824889248425,11.564838499798185,11.471664556108752,7.632645460031201,-5.192824889248425,-5.194838499798185,-5.101664556108752,-1.2626454600312007
4.52,8.475858968169284,8.478390636717346,8.170987382136492,6.05616591820932,-3.9558589681692844,-3.958390636717347,-3.650987382136492,-1.5361659182093206
13.56,14.806475570666926,14.808518411581005,14.509277546612473,14.589959787714664,-1.2464755706669255,-1.2485184115810046,-0.949277546612473,-1.0299597877146631
8.55,9.814559889735403,9.817595288779053,10.140456410873668,10.380093050976795,-1.264559889735402,-1.2675952887790523,-1.5904564108736672,-1.830093050976794
34.44,27.105679793405947,27.095451084649444,26.86249605002376,30.088864450187714,7.33432020659405,7.344548915350554,7.577503949976236,4.351135549812284
39.13,33.453612217887276,33.44244583733659,32.49528424473121,35.67727156450446,5.676387782112727,5.68755416266341,6.634715755268793,3.452728435495544
13.61,14.551974573372199,14.55340697658638,14.118251488051683,15.953344581094525,-0.9419745733721996,-0.9434069765863811,-0.508251488051684,-2.3433445810945255
2.71,1.6849061284436857,1.6876107525298565,1.7915553439608338,4.602032747696901,1.0250938715563143,1.0223892474701435,0.9184446560391661,-1.8920327476969012
14.99,13.166854937548024,13.169735961644093,13.633009843708258,16.292675972878655,1.8231450624519763,1.8202640383559068,1.356990156291742,-1.3026759728786548
2.4,2.222799960519568,2.225766078814699,2.05188030295923,3.430709008455426,0.17720003948043184,0.174233921185301,0.34811969704077006,-1.030709008455426
3.59,5.449583976188322,5.453160649088517,5.801180720923089,3.6917847678162854,-1.859583976188322,-1.8631606490885169,-2.211180720923089,-0.10178476781628554
7.16,11.568839516081265,11.572654361215982,11.7596735362035,8.981759631224952,-4.408839516081265,-4.412654361215981,-4.5996735362035,-1.8217596312249515
48.82,39.80758107110827,39.79563990011491,39.62281204833259,51.60359863209572,9.012418928891734,9.024360099885094,9.19718795166741,-2.7835986320957176
43.58,36.500774185014045,36.48889494291937,35.96177773635833,37.0171406509009,7.0792258149859535,7.091105057080625,7.61822226364167,6.562859349099099
39.56,34.00116801348229,33.98995476792527,33.05691335461003,34.49861547859911,5.55883198651771,5.570045232074733,6.5030866453899705,5.061384521400889
2.63,3.89727361438643,3.8999069559432105,4.444810753390666,3.703055301721987,-1.26727361438643,-1.2699069559432106,-1.8148107533906659,-1.073055301721987
9.18,7.456270070002098,7.458684406630077,8.031437409322095,10.1623099059904,1.7237299299979014,1.7213155933699227,1.148562590677905,-0.9823099059903999
6.24,8.66179118554589,8.664156976099523,9.108146664893464,7.4464443966466245,-2.4217911855458905,-2.424156976099523,-2.868146664893464,-1.2064443966466243
5.76,12.450577429649172,12.452838729970285,12.043633732556383,6.92627019195292,-6.6905774296491725,-6.692838729970285,-6.283633732556384,-1.1662701919529201
4.24,4.813851345774026,4.81711774630633,4.926746014369591,5.721037329081819,-0.5738513457740257,-0.57711774630633,-0.6867460143695912,-1.4810373290818184
2.15,2.047717698218074,2.050478806342287,2.6370307158478976,3.2722304816348062,0.10228230178192588,0.09952119365771273,-0.4870307158478977,-1.1222304816348063
21.98,32.11199930863041,32.102244853671905,31.895875355275113,26.057288440629243,-10.131999308630409,-10.122244853671905,-9.915875355275112,-4.077288440629243
16.3,25.111303497660025,25.10123415191288,25.105241610252616,23.532560625857634,-8.811303497660024,-8.80123415191288,-8.805241610252615,-7.232560625857634
13.83,17.48387873170896,17.487089329065256,17.740233219707413,16.158717946823785,-3.653878731708959,-3.657089329065256,-3.910233219707413,-2.328717946823785
32.73,26.412046664577275,26.40104903561461,25.933831848542322,9.775193130021917,6.317953335422722,6.328950964385388,6.796168151457675,22.95480686997808
11.83,10.159896594394421,10.161865512224903,10.32805601730486,11.67386480928961,1.6701034056055786,1.668134487775097,1.5019439826951402,0.1561351907103905
29.52,37.260210585516894,37.24785452786253,36.38764490967813,35.4860954596565,-7.740210585516895,-7.7278545278625295,-6.8676449096781305,-5.966095459656497
3.17,-0.440828656818665,-0.4384035166314515,-0.5968053984785726,4.635410005803779,3.610828656818665,3.6084035166314514,3.7668053984785725,-1.4654100058037791
8.43,6.779919627726812,6.7830129965431,6.95725982866346,8.582428167883458,1.6500803722731874,1.6469870034568999,1.4727401713365396,-0.1524281678834587
5.01,7.78142157507715,7.783858558098924,8.21731099046232,6.106947168323991,-2.7714215750771505,-2.773858558098924,-3.20731099046232,-1.0969471683239913
5.21,4.3682031946168,4.371253188396736,4.0296678045845145,6.52655391525378,0.8417968053831997,0.8387468116032641,1.1803321954154855,-1.3165539152537802
2.86,5.106190626141693,5.108580705157479,5.1777524361676655,4.052369457653993,-2.246190626141693,-2.248580705157479,-2.3177524361676656,-1.1923694576539927
20.28,5.919171943547919,5.921962505116113,5.617943272926514,5.989153657704085,14.360828056452082,14.358037494883888,14.662056727073487,14.290846342295916
3.55,4.305738171324055,4.308330695800752,4.8809040589346395,4.675214314040707,-0.7557381713240554,-0.7583306958007521,-1.3309040589346397,-1.125214314040707
8.57,15.190906749607706,15.193596086194606,15.32127125640967,8.194203455951646,-6.620906749607705,-6.623596086194606,-6.7512712564096695,0.37579654404835416
10.59,11.132230562398696,11.134940743100334,11.266113418971962,11.808456779944722,-0.5422305623986965,-0.5449407431003337,-0.676113418971962,-1.218456779944722
3.6,6.932714144428957,6.936195351823841,7.2303710231399165,3.44486197148684,-3.3327141444289565,-3.3361953518238407,-3.6303710231399164,0.15513802851316028
7.32,2.5257868223386772,2.527949923727247,2.283283831746072,5.159040892040109,4.794213177661323,4.792050076272753,5.036716168253928,2.160959107959891
2.73,1.536280443575217,1.5384956169356805,1.3637520829638135,4.708196690546239,1.193719556424783,1.1915043830643195,1.3662479170361865,-1.978196690546239
38.71,31.944502900244117,31.93411845757466,31.69817302707811,38.18635007998761,6.765497099755883,6.775881542425342,7.011826972921892,0.5236499200123887
12.98,16.413761056077703,16.417046344404508,16.6920409172709,15.443499327130324,-3.433761056077703,-3.437046344404507,-3.712040917270901,-2.4634993271303234
9.28,12.011467096424123,12.014269665645905,12.338308677309197,10.638575682585229,-2.731467096424124,-2.734269665645906,-3.0583086773091974,-1.3585756825852293
2.71,1.2686184562215974,1.2713498757393733,1.3904076114067916,4.4610404906724686,1.4413815437784026,1.4386501242606267,1.3195923885932084,-1.7510404906724686
12.1,12.531400860683643,12.5329749435083,12.137176555289333,14.308409657191168,-0.4314008606836435,-0.43297494350830057,-0.03717655528933328,-2.2084096571911687
2.2,1.5651229633646295,1.5673479003645934,1.3575582950828995,4.886067585806071,0.6348770366353707,0.6326520996354068,0.8424417049171007,-2.6860675858060707
8.93,8.73731921643759,8.739568389936203,9.321249896655907,10.32691809483533,0.19268078356240892,0.19043161006379705,-0.39124989665590704,-1.3969180948353301
3.18,1.8735454386839265,1.876137785178134,2.079668782286495,3.514616640848719,1.3064545613160736,1.3038622148218662,1.1003312177135052,-0.334616640848719
24.39,33.91626716818205,33.905366849340595,33.44686217304442,29.838316268111534,-9.526267168182052,-9.515366849340595,-9.056862173044422,-5.448316268111533
4.27,10.858184610020164,10.862080058782482,10.972902385119209,4.772315029359881,-6.588184610020164,-6.592080058782482,-6.702902385119209,-0.502315029359881
22.49,2.6038434206344654,2.6073667345758427,2.6482948168391562,5.199744413239126,19.886156579365533,19.882633265424154,19.84170518316084,17.29025558676087
17.09,25.674536684185554,25.664476989662734,25.44504202557535,21.87393774813127,-8.584536684185554,-8.574476989662735,-8.35504202557535,-4.783937748131269
16.58,26.343507923912817,26.333305033992335,26.1960182322326,19.255930133338005,-9.763507923912819,-9.753305033992337,-9.616018232232602,-2.6759301333380066
8.83,9.431083233824054,9.433917438472342,9.584350838654913,9.835043120375216,-0.6010832338240544,-0.603917438472342,-0.7543508386549131,-1.0050431203752161
4.3,1.8014727750332096,1.804320780984792,1.835659285162265,6.444323458162277,2.4985272249667902,2.4956792190152077,2.4643407148377348,-2.144323458162277
7.8,13.26109306876275,13.264621957280081,13.535076434199532,9.379012892462454,-5.461093068762751,-5.464621957280081,-5.735076434199532,-1.5790128924624538
3.21,1.1204062003916047,1.123298082244661,1.7220781511713916,4.079287245804195,2.0895937996083953,2.086701917755339,1.4879218488286083,-0.8692872458041947
12.96,10.386505015909666,10.389411214392656,11.030498424625602,14.645252298711425,2.5734949840903347,2.5705887856073453,1.929501575374399,-1.6852522987114238
22.19,10.567444746345721,10.570402633603297,10.950927986184066,13.919452266215375,11.62255525365428,11.619597366396704,11.239072013815935,8.270547733784626
9.43,16.944095394278154,16.945408682943487,16.321411412400554,11.561225366187267,-7.514095394278154,-7.515408682943487,-6.891411412400554,-2.1312253661872678
17.04,26.84641711578793,26.836982799436488,26.690220171343828,22.802631252843817,-9.80641711578793,-9.796982799436488,-9.650220171343829,-5.762631252843818
6.59,6.939209436672481,6.943328089990455,7.281424508446598,8.729503771928636,-0.3492094366724814,-0.3533280899904554,-0.6914245084465982,-2.139503771928636
4.14,5.19316232536271,5.195118873746782,4.955611733823247,6.232019586624213,-1.0531623253627105,-1.0551188737467827,-0.8156117338232471,-2.0920195866242137
4.78,5.846170309888098,5.849501815150198,6.19743726158304,6.644472030474617,-1.066170309888098,-1.0695018151501978,-1.4174372615830402,-1.8644720304746167
14.0,13.229818404601303,13.232758711318962,13.439753813044927,15.809354809630653,0.7701815953986966,0.7672412886810385,0.560246186955073,-1.809354809630653
12.63,11.098406361935329,11.101241557304089,11.53492649596101,14.494128084172415,1.5315936380646722,1.5287584426959118,1.0950735040389912,-1.864128084172414
5.25,8.36233989955398,8.365503634977888,8.639090108680964,6.739820454628507,-3.11233989955398,-3.1155036349778875,-3.389090108680964,-1.4898204546285072
2.4,5.135828048141867,5.138224934590518,5.180821474729171,3.650557351748816,-2.7358280481418675,-2.738224934590518,-2.7808214747291715,-1.250557351748816
6.95,12.308305397481618,12.31097183253554,12.3059504899899,8.264765416199005,-5.358305397481618,-5.360971832535539,-5.3559504899899,-1.3147654161990046
6.44,13.86097691649207,13.864738547534667,13.87910726730922,6.357725106258753,-7.42097691649207,-7.424738547534667,-7.439107267309219,0.08227489374124719
42.56,35.7734562664922,35.76355755260958,35.343324782596056,42.933073759330874,6.786543733507806,6.796442447390419,7.216675217403946,-0.3730737593308717
2.06,4.157196876197869,4.160451889307602,4.264358764508422,3.645056742502023,-2.0971968761978688,-2.100451889307602,-2.2043587645084224,-1.5850567425020228
34.67,28.917647654981614,28.908074208443583,28.703115927776704,29.879929660101098,5.752352345018387,5.761925791556418,5.966884072223298,4.790070339898904
1.73,-0.9141858441307598,-0.9112253703101292,-0.24264204835749226,2.526710189876659,2.6441858441307597,2.641225370310129,1.9726420483574922,-0.7967101898766589
1.64,2.87392702426685,2.8772733534783494,3.0022695696302595,3.245890716119659,-1.23392702426685,-1.2372733534783495,-1.3622695696302596,-1.605890716119659
9.38,11.046154924872823,11.049897468534969,11.379326834416595,12.013122258982085,-1.6661549248728225,-1.669897468534968,-1.9993268344165944,-2.633122258982084
10.98,15.683148062694176,15.686039304967078,15.672033241049046,11.469430170674551,-4.703148062694176,-4.706039304967078,-4.692033241049046,-0.4894301706745505
1.53,5.2105032982785,5.214628819906039,5.547863529616677,2.98349922998157,-3.6805032982784995,-3.684628819906039,-4.017863529616677,-1.4534992299815699
9.64,6.888870060618075,6.891066956767116,7.125012233995541,8.561870308038614,2.7511299393819257,2.748933043232885,2.5149877660044595,1.0781296919613865
4.53,3.8545245200243787,3.8573085931751674,4.34388993159066,5.621222442377945,0.6754754799756215,0.6726914068248329,0.18611006840934063,-1.091222442377945
37.83,31.31233735197592,31.301799139686,31.2846744772927,29.347789506063855,6.5176626480240785,6.528200860313998,6.545325522707298,8.482210493936144
9.99,7.24190837778599,7.244079644670887,7.473707757214459,8.960473166217222,2.7480916222140106,2.7459203553291136,2.516292242785541,1.0295268337827785
8.13,12.405717373852784,12.409298415796087,12.719306677089513,10.2186670216902,-4.275717373852784,-4.279298415796086,-4.589306677089512,-2.088667021690199
3.88,5.61948782756183,5.622796696474381,5.613741283480721,6.314513265683065,-1.7394878275618302,-1.7427966964743815,-1.7337412834807209,-2.434513265683065
5.98,9.527919376103114,9.530938940483217,10.033201951335787,7.12421299591481,-3.5479193761031134,-3.550938940483217,-4.053201951335787,-1.1442129959148097
43.9,36.31388988872873,36.303161253902516,35.83752672170729,45.387482706371394,7.586110111271267,7.596838746097482,8.062473278292707,-1.4874827063713951
1.67,4.429284111780568,4.433457013558815,4.8035532876175004,3.485799968763869,-2.759284111780568,-2.7634570135588152,-3.1335532876175005,-1.8157999687638693
13.2,9.66808527159872,9.669666628784235,9.52269151363527,12.400397878364624,3.5319147284012793,3.5303333712157645,3.67730848636473,0.7996021216353757
44.59,31.16089900711389,31.15057081321505,30.926074305751673,36.62890377502658,13.429100992886113,13.439429186784952,13.66392569424833,7.961096224973424
3.02,5.747428101001823,5.74977400007004,5.804165620385536,4.165844898163577,-2.727428101001823,-2.7297740000700403,-2.784165620385536,-1.1458448981635772
3.39,4.60354060408477,4.606972429703433,4.940522838046146,5.295733426411777,-1.2135406040847703,-1.2169724297034326,-1.5505228380461458,-1.9057334264117771
1.63,1.048665692216158,1.0521295090893084,1.2433910499702314,2.7885097898672537,0.581334307783842,0.5778704909106915,0.38660895002976847,-1.1585097898672538
2.7,4.83284118632276,4.83604108967797,4.949417945942329,4.177948598640297,-2.13284118632276,-2.1360410896779696,-2.249417945942329,-1.477948598640297
20.18,4.57507019963974,4.577810798046855,5.0297332975900595,5.574406115987756,15.60492980036026,15.602189201953145,15.15026670240994,14.605593884012244
4.08,6.507150413235095,6.510473267671866,6.990469900248705,4.89873115750536,-2.427150413235095,-2.430473267671866,-2.910469900248705,-0.8187311575053595
12.59,18.65916550764647,18.661936275795604,18.518449699025012,11.673201922413819,-6.069165507646471,-6.071936275795604,-5.928449699025013,0.916798077586181
1.62,-1.5451267270137716,-1.5414959539898554,-1.2560678990203353,1.4292973829899611,3.1651267270137717,3.1614959539898555,2.8760678990203354,0.190702617010039
1.88,2.376461431268323,2.379207189034174,2.9368247211840757,2.981452164720169,-0.4964614312683233,-0.49920718903417427,-1.0568247211840758,-1.1014521647201692
7.2,10.69450190720191,10.697691591716008,10.999792745536343,7.301001715248738,-3.4945019072019106,-3.4976915917160083,-3.799792745536343,-0.10100171524873769
3.16,3.151351736133673,3.1540243757573148,3.751507762053988,4.24212309766777,0.008648263866327,0.0059756242426853845,-0.5915077620539879,-1.08212309766777
12.03,10.210076751718386,10.211631937344023,10.019480838417135,12.171430086894919,1.8199232482816132,1.818368062655976,2.010519161582865,-0.14143008689491943
2.72,3.734322360921654,3.736895069036848,3.7664364888422686,4.9834642567275775,-1.0143223609216538,-1.0168950690368477,-1.0464364888422684,-2.2634642567275773
18.22,5.12521201114059,5.128613163071975,5.434724777157378,4.999113803482633,13.094787988859409,13.091386836928024,12.785275222842621,13.220886196517366
12.15,12.400623940142456,12.403406304738319,12.954372318844538,14.292040797369024,-0.2506239401424555,-0.25340630473831816,-0.8043723188445373,-2.142040797369024
3.29,6.218850494548811,6.222040983884252,6.238162669263467,5.427403941529521,-2.9288504945488105,-2.932040983884252,-2.948162669263467,-2.137403941529521
8.69,8.231605472270996,8.234109287215883,8.063069635662643,8.484924904460131,0.4583945277290038,0.4558907127841163,0.6269303643373565,0.20507509553986836
6.11,7.590768077465874,7.592806792871556,7.133945246346602,10.168904025705038,-1.480768077465874,-1.482806792871556,-1.0239452463466021,-4.058904025705037
8.06,8.924693571234918,8.927030781942722,8.852759132433338,10.267446949482414,-0.864693571234918,-0.8670307819427219,-0.7927591324333374,-2.2074469494824136
13.42,10.483297489562158,10.485233970695631,10.673682501962272,12.904489114013389,2.9367025104378417,2.9347660293043685,2.746317498037728,0.5155108859866111
18.25,27.807875876972737,27.79837676880327,27.62520853444943,26.054627417651254,-9.557875876972737,-9.54837676880327,-9.375208534449431,-7.804627417651254
47.06,39.061091129835965,39.05076309792602,38.775042346335795,46.68312176352367,7.998908870164037,8.00923690207398,8.284957653664208,0.3768782364763297
12.22,11.7617979282286,11.763660830500122,11.880194738185903,12.569818884139709,0.45820207177140126,0.45633916949987885,0.33980526181409765,-0.3498188841397081
6.07,7.687543138230549,7.690193728651458,7.398472194790791,7.463138406474355,-1.6175431382305483,-1.6201937286514578,-1.3284721947907911,-1.393138406474355
63.77,40.91987043465587,40.9086508634018,40.4716684665695,57.47592352842112,22.850129565344133,22.8613491365982,23.298331533430506,6.294076471578883
9.87,12.318481925794075,12.32057748351183,12.73380946174482,11.21330138533133,-2.4484819257940753,-2.4505774835118306,-2.86380946174482,-1.3433013853313316
